{"columns":["Id","Tweet","Label","Rate","Neg_com","Neu_com","Pos_com"],"index":[44,38,9,48],"data":[[1398765710130790402,"AT_USER AT_USER Todo eso no vayes a darnos miedo porque tu es invitado  y echo por gana dinero","Negative",-3.6570891075,0.0,0.0,0.0],[1398768747792506884,"COLOMBIA | Gobierno TRATA DE OCULTAR sus ATROCIDADES https:\/\/t.co\/MzQp234AnR AT_USER AT_USER AT_USER https:\/\/t.co\/0AnYI5By42","Negative",-2.6166210988,0.0,0.0,0.0],[1398780851387834376,"\ud83c\udf3f\ud83c\udf0e Atacama, en su aparente desolaci\u00f3n, acoge muchas formas de vida: unas 2.500 especies vegetales distintas.\n\nEn\u2026 https:\/\/t.co\/25n1S6e47A","Positive",4.3567790072,0.0,0.0,0.0],[1398763710802497538,"Hace 7 a\u00f1os \nDisc\u00f3polis 8609 - Ca\u00f1izares (entrevista) - Jueves 29 mayo 2014. Escucha el programa aqu\u00ed\u2026 https:\/\/t.co\/544GIR8JyH","Positive",6.6352803154,0.0,0.0,0.0]]}