{"columns":["Id","Tweet","Label","Rate","Neg_com","Neu_com","Pos_com"],"index":[5,22,41,33],"data":[[1399127772778438663,"Ojo al #h\u00e1bitos de AT_USER con AT_USER\nLa maestra del \"six one nine\".\n\n\u00bfQuer\u00e9is que vuestro cabello luzca\u2026 https:\/\/t.co\/kmIbvGg95g","Negative",-2.1448149436,0.0,0.0,0.0],[1399006975183265795,"AT_USER yo cuando \nyo cuando mostopapi dice teta:","Negative",-1.2509604425,0.0,0.0,0.0],[1398781315676262402,"AT_USER Eres el puto amo. Asin d claro, ole t\u00fa y fiva tu novia. Guapos","Positive",4.9864430059,0.0,0.0,0.0],[1398830348541235201,"Puede mostopapi dejar d hablar d su polla por favor tienes 30 a\u00f1os callate","Positive",5.4010441635,0.0,0.0,0.0]]}