{"columns":["Id","Tweet","Label","Rate","Comments","Comments label","Comments rate","Neg_com","Neu_com","Pos_com"],"index":[22,16,32,55],"data":[[1387902102945533954,"Quiero comer como un cerdo pero toca definir :(","Negative",-11.4775637562,"","","",0.0,0.0,0.0],[1389260171722072067,"AT_USER Te dije que te callaras \ud83d\udc4d\ud83c\udffb","Negative",-2.6166210988,"","","",0.0,0.0,0.0],[1384248847325560843,"A ver todas las pelis d marvel prq n tengo na mejor q hacer \ud83e\udd13","Positive",2.5935522427,"","","",0.0,0.0,0.0],[1368977262536757258,"Hoy d negro","Positive",5.3915226682,null,null,null,0.0,0.0,0.0]]}